--Doctor

INSERT INTO Doctor (USER_ID, HOSPITAL_PHONE, INTRODUCE, HOSPITAL_ADDRESS, HOSPITAL_NAME, POSTAL_CODE, DETAIL_ADDRESS, REMAINING_ADDRESS, LATITUDE, LONGITUDE, HOSPITALIMAGEURL)
VALUES ('doctor123', '02-3456-7890', '현대적인 의료 시설과 최고의 의료진이 있습니다.', '서울특별시 종로구 종로 1가 123-4', '종로병원', '03121', '종로구 종로 1가', '4층', 37.570377, 126.983220, NULL);

INSERT INTO Doctor (USER_ID, HOSPITAL_PHONE, INTRODUCE, HOSPITAL_ADDRESS, HOSPITAL_NAME, POSTAL_CODE, DETAIL_ADDRESS, REMAINING_ADDRESS, LATITUDE, LONGITUDE, HOSPITALIMAGEURL)
VALUES ('user003', '031-1111-2222', '가족같은 분위기의 병원입니다.', '경기도 성남시 분당구 서현동 567-89', '분당중앙병원', '13522', '분당구 서현동', '5층', 37.385861, 127.122080, NULL);

INSERT INTO Doctor (USER_ID, HOSPITAL_PHONE, INTRODUCE, HOSPITAL_ADDRESS, HOSPITAL_NAME, POSTAL_CODE, DETAIL_ADDRESS, REMAINING_ADDRESS, LATITUDE, LONGITUDE, HOSPITALIMAGEURL)
VALUES ('doc2', '051-2222-3333', '부산에서 가장 유명한 병원입니다.', '부산광역시 해운대구 좌동 111-22', '해운대병원', '48095', '해운대구 좌동', '6층', 35.163161, 129.163993, NULL);

INSERT INTO Doctor (USER_ID, HOSPITAL_PHONE, INTRODUCE, HOSPITAL_ADDRESS, HOSPITAL_NAME, POSTAL_CODE, DETAIL_ADDRESS, REMAINING_ADDRESS, LATITUDE, LONGITUDE, HOSPITALIMAGEURL)
VALUES ('user001', '02-3333-4444', '고객 중심의 서비스를 제공합니다.', '서울특별시 마포구 서교동 98-76', '마포병원', '04121', '마포구 서교동', '1층', 37.555942, 126.923753, NULL);

INSERT INTO Doctor (USER_ID, HOSPITAL_PHONE, INTRODUCE, HOSPITAL_ADDRESS, HOSPITAL_NAME, POSTAL_CODE, DETAIL_ADDRESS, REMAINING_ADDRESS, LATITUDE, LONGITUDE, HOSPITALIMAGEURL)
VALUES ('user002', '032-4444-5555', '신뢰와 감동을 주는 병원입니다.', '인천광역시 남구 주안동 101-12', '주안병원', '22100', '남구 주안동', '7층', 37.456836, 126.705637, NULL);

INSERT INTO Doctor (USER_ID, HOSPITAL_PHONE, INTRODUCE, HOSPITAL_ADDRESS, HOSPITAL_NAME, POSTAL_CODE, DETAIL_ADDRESS, REMAINING_ADDRESS, LATITUDE, LONGITUDE, HOSPITALIMAGEURL)
VALUES ('user004', '042-5555-6666', '대전에서 가장 오래된 병원입니다.', '대전광역시 서구 둔산동 333-44', '둔산병원', '35241', '서구 둔산동', '2층', 36.355099, 127.378953, NULL);

INSERT INTO Doctor (USER_ID, HOSPITAL_PHONE, INTRODUCE, HOSPITAL_ADDRESS, HOSPITAL_NAME, POSTAL_CODE, DETAIL_ADDRESS, REMAINING_ADDRESS, LATITUDE, LONGITUDE, HOSPITALIMAGEURL)
VALUES ('user005', '062-6666-7777', '광주의 대표적인 병원입니다.', '광주광역시 북구 문흥동 222-11', '문흥병원', '61127', '북구 문흥동', '8층', 35.198206, 126.888824, NULL);

INSERT INTO Doctor (USER_ID, HOSPITAL_PHONE, INTRODUCE, HOSPITAL_ADDRESS, HOSPITAL_NAME, POSTAL_CODE, DETAIL_ADDRESS, REMAINING_ADDRESS, LATITUDE, LONGITUDE, HOSPITALIMAGEURL)
VALUES ('smkr96', '053-7777-8888', '최고의 의료진과 최신 장비를 갖춘 병원입니다.', '대구광역시 수성구 두산동 555-66', '수성병원', '42033', '수성구 두산동', '9층', 35.832698, 128.620808, NULL);

INSERT INTO Doctor (USER_ID, HOSPITAL_PHONE, INTRODUCE, HOSPITAL_ADDRESS, HOSPITAL_NAME, POSTAL_CODE, DETAIL_ADDRESS, REMAINING_ADDRESS, LATITUDE, LONGITUDE, HOSPITALIMAGEURL)
VALUES ('doc1', '055-8888-9999', '진주에서 가장 신뢰받는 병원입니다.', '경상남도 진주시 평거동 444-55', '진주중앙병원', '52674', '진주시 평거동', '10층', 35.174373, 128.096126, NULL);

INSERT INTO Doctor (USER_ID, HOSPITAL_PHONE, INTRODUCE, HOSPITAL_ADDRESS, HOSPITAL_NAME, POSTAL_CODE, DETAIL_ADDRESS, REMAINING_ADDRESS, LATITUDE, LONGITUDE, HOSPITALIMAGEURL)
VALUES ('doc123', '061-9999-0000', '목포의 중심에서 건강을 책임집니다.', '전라남도 목포시 상동 666-77', '목포병원', '58750', '목포시 상동', '11층', 34.809895, 126.407013, NULL);



-- Career
-- doctor123 유저의 경력사항
INSERT INTO Career (ID, CAREER, USER_ID)
VALUES (HEXTORAW('550e8400e29b41d4a716446655440000'), '서울대학교병원 인턴', 'doctor123');
INSERT INTO Career (ID, CAREER, USER_ID)
VALUES (HEXTORAW('550e8400e29b41d4a716446655440001'), '삼성서울병원 레지던트', 'doctor123');
INSERT INTO Career (ID, CAREER, USER_ID)
VALUES (HEXTORAW('550e8400e29b41d4a716446655440002'), '아산병원 전임의', 'doctor123');

-- user003 유저의 경력사항
INSERT INTO Career (ID, CAREER, USER_ID)
VALUES (HEXTORAW('550e8400e29b41d4a716446655440003'), '경기도립병원 인턴', 'user003');
INSERT INTO Career (ID, CAREER, USER_ID)
VALUES (HEXTORAW('550e8400e29b41d4a716446655440004'), '서울아산병원 레지던트', 'user003');
INSERT INTO Career (ID, CAREER, USER_ID)
VALUES (HEXTORAW('550e8400e29b41d4a716446655440005'), '서울대학교병원 전임의', 'user003');

-- doc2 유저의 경력사항
INSERT INTO Career (ID, CAREER, USER_ID)
VALUES (HEXTORAW('550e8400e29b41d4a716446655440006'), '부산대학병원 인턴', 'doc2');
INSERT INTO Career (ID, CAREER, USER_ID)
VALUES (HEXTORAW('550e8400e29b41d4a716446655440007'), '부산중앙병원 레지던트', 'doc2');
INSERT INTO Career (ID, CAREER, USER_ID)
VALUES (HEXTORAW('550e8400e29b41d4a716446655440008'), '부산의료원 전임의', 'doc2');

-- user001 유저의 경력사항
INSERT INTO Career (ID, CAREER, USER_ID)
VALUES (HEXTORAW('550e8400e29b41d4a716446655440009'), '마포구 보건소 인턴', 'user001');
INSERT INTO Career (ID, CAREER, USER_ID)
VALUES (HEXTORAW('550e8400e29b41d4a71644665544000A'), '서울중앙병원 레지던트', 'user001');
INSERT INTO Career (ID, CAREER, USER_ID)
VALUES (HEXTORAW('550e8400e29b41d4a71644665544000B'), '강남성심병원 전임의', 'user001');

-- user002 유저의 경력사항
INSERT INTO Career (ID, CAREER, USER_ID)
VALUES (HEXTORAW('550e8400e29b41d4a71644665544000C'), '인천시립병원 인턴', 'user002');
INSERT INTO Career (ID, CAREER, USER_ID)
VALUES (HEXTORAW('550e8400e29b41d4a71644665544000D'), '인천중앙병원 레지던트', 'user002');
INSERT INTO Career (ID, CAREER, USER_ID)
VALUES (HEXTORAW('550e8400e29b41d4a71644665544000E'), '인천대학병원 전임의', 'user002');

-- user004 유저의 경력사항
INSERT INTO Career (ID, CAREER, USER_ID)
VALUES (HEXTORAW('550e8400e29b41d4a71644665544000F'), '대전시립병원 인턴', 'user004');
INSERT INTO Career (ID, CAREER, USER_ID)
VALUES (HEXTORAW('550e8400e29b41d4a716446655440010'), '대전중앙병원 레지던트', 'user004');
INSERT INTO Career (ID, CAREER, USER_ID)
VALUES (HEXTORAW('550e8400e29b41d4a716446655440011'), '대전대학교병원 전임의', 'user004');

-- user005 유저의 경력사항
INSERT INTO Career (ID, CAREER, USER_ID)
VALUES (HEXTORAW('550e8400e29b41d4a716446655440012'), '광주시립병원 인턴', 'user005');
INSERT INTO Career (ID, CAREER, USER_ID)
VALUES (HEXTORAW('550e8400e29b41d4a716446655440013'), '광주중앙병원 레지던트', 'user005');
INSERT INTO Career (ID, CAREER, USER_ID)
VALUES (HEXTORAW('550e8400e29b41d4a716446655440014'), '광주대학병원 전임의', 'user005');

-- smkr96 유저의 경력사항
INSERT INTO Career (ID, CAREER, USER_ID)
VALUES (HEXTORAW('550e8400e29b41d4a716446655440015'), '대구시립병원 인턴', 'smkr96');
INSERT INTO Career (ID, CAREER, USER_ID)
VALUES (HEXTORAW('550e8400e29b41d4a716446655440016'), '대구중앙병원 레지던트', 'smkr96');
INSERT INTO Career (ID, CAREER, USER_ID)
VALUES (HEXTORAW('550e8400e29b41d4a716446655440017'), '대구대학병원 전임의', 'smkr96');

-- doc1 유저의 경력사항
INSERT INTO Career (ID, CAREER, USER_ID)
VALUES (HEXTORAW('550e8400e29b41d4a716446655440018'), '진주시립병원 인턴', 'doc1');
INSERT INTO Career (ID, CAREER, USER_ID)
VALUES (HEXTORAW('550e8400e29b41d4a716446655440019'), '진주중앙병원 레지던트', 'doc1');
INSERT INTO Career (ID, CAREER, USER_ID)
VALUES (HEXTORAW('550e8400e29b41d4a71644665544001A'), '진주대학병원 전임의', 'doc1');

-- doc123 유저의 경력사항
INSERT INTO Career (ID, CAREER, USER_ID)
VALUES (HEXTORAW('550e8400e29b41d4a71644665544001B'), '목포시립병원 인턴', 'doc123');
INSERT INTO Career (ID, CAREER, USER_ID)
VALUES (HEXTORAW('550e8400e29b41d4a71644665544001C'), '목포중앙병원 레지던트', 'doc123');
INSERT INTO Career (ID, CAREER, USER_ID)
VALUES (HEXTORAW('550e8400e29b41d4a71644665544001D'), '목포대학병원 전임의', 'doc123');


--Education

-- doctor123 유저의 학력사항
INSERT INTO Education (ID, EDUCATION, USER_ID)
VALUES (HEXTORAW('550e8400e29b41d4a716446655440020'), '서울대학교 의과대학 졸업', 'doctor123');
INSERT INTO Education (ID, EDUCATION, USER_ID)
VALUES (HEXTORAW('550e8400e29b41d4a716446655440021'), '연세대학교 대학원 의학과 석사', 'doctor123');
INSERT INTO Education (ID, EDUCATION, USER_ID)
VALUES (HEXTORAW('550e8400e29b41d4a716446655440022'), '고려대학교 대학원 의학과 박사', 'doctor123');

-- user003 유저의 학력사항
INSERT INTO Education (ID, EDUCATION, USER_ID)
VALUES (HEXTORAW('550e8400e29b41d4a716446655440023'), '경희대학교 의과대학 졸업', 'user003');
INSERT INTO Education (ID, EDUCATION, USER_ID)
VALUES (HEXTORAW('550e8400e29b41d4a716446655440024'), '부산대학교 대학원 의학과 석사', 'user003');
INSERT INTO Education (ID, EDUCATION, USER_ID)
VALUES (HEXTORAW('550e8400e29b41d4a716446655440025'), '서울대학교 대학원 의학과 박사', 'user003');

-- doc2 유저의 학력사항
INSERT INTO Education (ID, EDUCATION, USER_ID)
VALUES (HEXTORAW('550e8400e29b41d4a716446655440026'), '부산대학교 의과대학 졸업', 'doc2');
INSERT INTO Education (ID, EDUCATION, USER_ID)
VALUES (HEXTORAW('550e8400e29b41d4a716446655440027'), '부산대학교 대학원 의학과 석사', 'doc2');
INSERT INTO Education (ID, EDUCATION, USER_ID)
VALUES (HEXTORAW('550e8400e29b41d4a716446655440028'), '연세대학교 대학원 의학과 박사', 'doc2');

-- user001 유저의 학력사항
INSERT INTO Education (ID, EDUCATION, USER_ID)
VALUES (HEXTORAW('550e8400e29b41d4a716446655440029'), '고려대학교 의과대학 졸업', 'user001');
INSERT INTO Education (ID, EDUCATION, USER_ID)
VALUES (HEXTORAW('550e8400e29b41d4a71644665544002A'), '서울대학교 대학원 의학과 석사', 'user001');
INSERT INTO Education (ID, EDUCATION, USER_ID)
VALUES (HEXTORAW('550e8400e29b41d4a71644665544002B'), '고려대학교 대학원 의학과 박사', 'user001');

-- user002 유저의 학력사항
INSERT INTO Education (ID, EDUCATION, USER_ID)
VALUES (HEXTORAW('550e8400e29b41d4a71644665544002C'), '연세대학교 의과대학 졸업', 'user002');
INSERT INTO Education (ID, EDUCATION, USER_ID)
VALUES (HEXTORAW('550e8400e29b41d4a71644665544002D'), '부산대학교 대학원 의학과 석사', 'user002');
INSERT INTO Education (ID, EDUCATION, USER_ID)
VALUES (HEXTORAW('550e8400e29b41d4a71644665544002E'), '경희대학교 대학원 의학과 박사', 'user002');

-- user004 유저의 학력사항
INSERT INTO Education (ID, EDUCATION, USER_ID)
VALUES (HEXTORAW('550e8400e29b41d4a71644665544002F'), '경희대학교 의과대학 졸업', 'user004');
INSERT INTO Education (ID, EDUCATION, USER_ID)
VALUES (HEXTORAW('550e8400e29b41d4a716446655440030'), '서울대학교 대학원 의학과 석사', 'user004');
INSERT INTO Education (ID, EDUCATION, USER_ID)
VALUES (HEXTORAW('550e8400e29b41d4a716446655440031'), '부산대학교 대학원 의학과 박사', 'user004');

-- user005 유저의 학력사항
INSERT INTO Education (ID, EDUCATION, USER_ID)
VALUES (HEXTORAW('550e8400e29b41d4a716446655440032'), '서울대학교 의과대학 졸업', 'user005');
INSERT INTO Education (ID, EDUCATION, USER_ID)
VALUES (HEXTORAW('550e8400e29b41d4a716446655440033'), '연세대학교 대학원 의학과 석사', 'user005');
INSERT INTO Education (ID, EDUCATION, USER_ID)
VALUES (HEXTORAW('550e8400e29b41d4a716446655440034'), '고려대학교 대학원 의학과 박사', 'user005');

-- smkr96 유저의 학력사항
INSERT INTO Education (ID, EDUCATION, USER_ID)
VALUES (HEXTORAW('550e8400e29b41d4a716446655440035'), '부산대학교 의과대학 졸업', 'smkr96');
INSERT INTO Education (ID, EDUCATION, USER_ID)
VALUES (HEXTORAW('550e8400e29b41d4a716446655440036'), '연세대학교 대학원 의학과 석사', 'smkr96');
INSERT INTO Education (ID, EDUCATION, USER_ID)
VALUES (HEXTORAW('550e8400e29b41d4a716446655440037'), '서울대학교 대학원 의학과 박사', 'smkr96');

-- doc1 유저의 학력사항
INSERT INTO Education (ID, EDUCATION, USER_ID)
VALUES (HEXTORAW('550e8400e29b41d4a716446655440038'), '고려대학교 의과대학 졸업', 'doc1');
INSERT INTO Education (ID, EDUCATION, USER_ID)
VALUES (HEXTORAW('550e8400e29b41d4a716446655440039'), '서울대학교 대학원 의학과 석사', 'doc1');
INSERT INTO Education (ID, EDUCATION, USER_ID)
VALUES (HEXTORAW('550e8400e29b41d4a71644665544003A'), '연세대학교 대학원 의학과 박사', 'doc1');

-- doc123 유저의 학력사항
INSERT INTO Education (ID, EDUCATION, USER_ID)
VALUES (HEXTORAW('550e8400e29b41d4a71644665544003B'), '연세대학교 의과대학 졸업', 'doc123');
INSERT INTO Education (ID, EDUCATION, USER_ID)
VALUES (HEXTORAW('550e8400e29b41d4a71644665544003C'), '부산대학교 대학원 의학과 석사', 'doc123');
INSERT INTO Education (ID, EDUCATION, USER_ID)
VALUES (HEXTORAW('550e8400e29b41d4a71644665544003D'), '서울대학교 대학원 의학과 박사', 'doc123');




--Tag

-- doctor123 유저의 태그
INSERT INTO Doctor_Tag (ID, TAG, USER_ID)
VALUES (HEXTORAW('550e8400e29b41d4a716446655440040'), '결혼/육아', 'doctor123');
INSERT INTO Doctor_Tag (ID, TAG, USER_ID)
VALUES (HEXTORAW('550e8400e29b41d4a716446655440041'), '대인관계', 'doctor123');
INSERT INTO Doctor_Tag (ID, TAG, USER_ID)
VALUES (HEXTORAW('550e8400e29b41d4a716446655440042'), '자아/성격', 'doctor123');
INSERT INTO Doctor_Tag (ID, TAG, USER_ID)
VALUES (HEXTORAW('550e8400e29b41d4a716446655440043'), '정신건강', 'doctor123');
INSERT INTO Doctor_Tag (ID, TAG, USER_ID)
VALUES (HEXTORAW('550e8400e29b41d4a716446655440044'), '학업/고시', 'doctor123');
INSERT INTO Doctor_Tag (ID, TAG, USER_ID)
VALUES (HEXTORAW('550e8400e29b41d4a716446655440045'), '우울', 'doctor123');
INSERT INTO Doctor_Tag (ID, TAG, USER_ID)
VALUES (HEXTORAW('550e8400e29b41d4a716446655440046'), '스트레스', 'doctor123');

-- user003 유저의 태그
INSERT INTO Doctor_Tag (ID, TAG, USER_ID)
VALUES (HEXTORAW('550e8400e29b41d4a716446655440047'), '직장', 'user003');
INSERT INTO Doctor_Tag (ID, TAG, USER_ID)
VALUES (HEXTORAW('550e8400e29b41d4a716446655440048'), '이별/이혼', 'user003');
INSERT INTO Doctor_Tag (ID, TAG, USER_ID)
VALUES (HEXTORAW('550e8400e29b41d4a716446655440049'), '가족', 'user003');
INSERT INTO Doctor_Tag (ID, TAG, USER_ID)
VALUES (HEXTORAW('550e8400e29b41d4a71644665544004A'), '외모', 'user003');
INSERT INTO Doctor_Tag (ID, TAG, USER_ID)
VALUES (HEXTORAW('550e8400e29b41d4a71644665544004B'), '화병', 'user003');
INSERT INTO Doctor_Tag (ID, TAG, USER_ID)
VALUES (HEXTORAW('550e8400e29b41d4a71644665544004C'), '불면', 'user003');

-- doc2 유저의 태그
INSERT INTO Doctor_Tag (ID, TAG, USER_ID)
VALUES (HEXTORAW('550e8400e29b41d4a71644665544004D'), '자아/성격', 'doc2');
INSERT INTO Doctor_Tag (ID, TAG, USER_ID)
VALUES (HEXTORAW('550e8400e29b41d4a71644665544004E'), '정신건강', 'doc2');
INSERT INTO Doctor_Tag (ID, TAG, USER_ID)
VALUES (HEXTORAW('550e8400e29b41d4a71644665544004F'), '강박', 'doc2');
INSERT INTO Doctor_Tag (ID, TAG, USER_ID)
VALUES (HEXTORAW('550e8400e29b41d4a716446655440050'), '트라우마', 'doc2');
INSERT INTO Doctor_Tag (ID, TAG, USER_ID)
VALUES (HEXTORAW('550e8400e29b41d4a716446655440051'), '조울증', 'doc2');

-- user001 유저의 태그
INSERT INTO Doctor_Tag (ID, TAG, USER_ID)
VALUES (HEXTORAW('550e8400e29b41d4a716446655440052'), '결혼/육아', 'user001');
INSERT INTO Doctor_Tag (ID, TAG, USER_ID)
VALUES (HEXTORAW('550e8400e29b41d4a716446655440053'), '대인관계', 'user001');
INSERT INTO Doctor_Tag (ID, TAG, USER_ID)
VALUES (HEXTORAW('550e8400e29b41d4a716446655440054'), '직장', 'user001');
INSERT INTO Doctor_Tag (ID, TAG, USER_ID)
VALUES (HEXTORAW('550e8400e29b41d4a716446655440055'), '성추행', 'user001');
INSERT INTO Doctor_Tag (ID, TAG, USER_ID)
VALUES (HEXTORAW('550e8400e29b41d4a716446655440056'), '외모', 'user001');
INSERT INTO Doctor_Tag (ID, TAG, USER_ID)
VALUES (HEXTORAW('550e8400e29b41d4a716446655440057'), '우울', 'user001');
INSERT INTO Doctor_Tag (ID, TAG, USER_ID)
VALUES (HEXTORAW('550e8400e29b41d4a716446655440058'), '불면', 'user001');

-- user002 유저의 태그
INSERT INTO Doctor_Tag (ID, TAG, USER_ID)
VALUES (HEXTORAW('550e8400e29b41d4a716446655440059'), '이별/이혼', 'user002');
INSERT INTO Doctor_Tag (ID, TAG, USER_ID)
VALUES (HEXTORAW('550e8400e29b41d4a71644665544005A'), '가족', 'user002');
INSERT INTO Doctor_Tag (ID, TAG, USER_ID)
VALUES (HEXTORAW('550e8400e29b41d4a71644665544005B'), '자아/성격', 'user002');
INSERT INTO Doctor_Tag (ID, TAG, USER_ID)
VALUES (HEXTORAW('550e8400e29b41d4a71644665544005C'), '정신건강', 'user002');
INSERT INTO Doctor_Tag (ID, TAG, USER_ID)
VALUES (HEXTORAW('550e8400e29b41d4a71644665544005D'), '학업/고시', 'user002');
INSERT INTO Doctor_Tag (ID, TAG, USER_ID)
VALUES (HEXTORAW('550e8400e29b41d4a71644665544005E'), '스트레스', 'user002');
INSERT INTO Doctor_Tag (ID, TAG, USER_ID)
VALUES (HEXTORAW('550e8400e29b41d4a71644665544005F'), '화병', 'user002');

-- user004 유저의 태그
INSERT INTO Doctor_Tag (ID, TAG, USER_ID)
VALUES (HEXTORAW('550e8400e29b41d4a716446655440060'), '가족', 'user004');
INSERT INTO Doctor_Tag (ID, TAG, USER_ID)
VALUES (HEXTORAW('550e8400e29b41d4a716446655440061'), '자아/성격', 'user004');
INSERT INTO Doctor_Tag (ID, TAG, USER_ID)
VALUES (HEXTORAW('550e8400e29b41d4a716446655440062'), '정신건강', 'user004');
INSERT INTO Doctor_Tag (ID, TAG, USER_ID)
VALUES (HEXTORAW('550e8400e29b41d4a716446655440063'), '강박', 'user004');
INSERT INTO Doctor_Tag (ID, TAG, USER_ID)
VALUES (HEXTORAW('550e8400e29b41d4a716446655440064'), '트라우마', 'user004');
INSERT INTO Doctor_Tag (ID, TAG, USER_ID)
VALUES (HEXTORAW('550e8400e29b41d4a716446655440065'), '충동/폭력', 'user004');
INSERT INTO Doctor_Tag (ID, TAG, USER_ID)
VALUES (HEXTORAW('550e8400e29b41d4a716446655440066'), '조울증', 'user004');

-- user005 유저의 태그
INSERT INTO Doctor_Tag (ID, TAG, USER_ID)
VALUES (HEXTORAW('550e8400e29b41d4a716446655440067'), '대인관계', 'user005');
INSERT INTO Doctor_Tag (ID, TAG, USER_ID)
VALUES (HEXTORAW('550e8400e29b41d4a716446655440068'), '직장', 'user005');
INSERT INTO Doctor_Tag (ID, TAG, USER_ID)
VALUES (HEXTORAW('550e8400e29b41d4a716446655440069'), '가족', 'user005');
INSERT INTO Doctor_Tag (ID, TAG, USER_ID)
VALUES (HEXTORAW('550e8400e29b41d4a71644665544006A'), '자아/성격', 'user005');
INSERT INTO Doctor_Tag (ID, TAG, USER_ID)
VALUES (HEXTORAW('550e8400e29b41d4a71644665544006B'), '외모', 'user005');
INSERT INTO Doctor_Tag (ID, TAG, USER_ID)
VALUES (HEXTORAW('550e8400e29b41d4a71644665544006C'), '스트레스', 'user005');
INSERT INTO Doctor_Tag (ID, TAG, USER_ID)
VALUES (HEXTORAW('550e8400e29b41d4a71644665544006D'), '강박', 'user005');
INSERT INTO Doctor_Tag (ID, TAG, USER_ID)
VALUES (HEXTORAW('550e8400e29b41d4a71644665544006E'), '충동/폭력', 'user005');

-- smkr96 유저의 태그
INSERT INTO Doctor_Tag (ID, TAG, USER_ID)
VALUES (HEXTORAW('550e8400e29b41d4a71644665544006F'), '이별/이혼', 'smkr96');
INSERT INTO Doctor_Tag (ID, TAG, USER_ID)
VALUES (HEXTORAW('550e8400e29b41d4a716446655440070'), '가족', 'smkr96');
INSERT INTO Doctor_Tag (ID, TAG, USER_ID)
VALUES (HEXTORAW('550e8400e29b41d4a716446655440071'), '정신건강', 'smkr96');
INSERT INTO Doctor_Tag (ID, TAG, USER_ID)
VALUES (HEXTORAW('550e8400e29b41d4a716446655440072'), '외모', 'smkr96');
INSERT INTO Doctor_Tag (ID, TAG, USER_ID)
VALUES (HEXTORAW('550e8400e29b41d4a716446655440073'), '학업/고시', 'smkr96');
INSERT INTO Doctor_Tag (ID, TAG, USER_ID)
VALUES (HEXTORAW('550e8400e29b41d4a716446655440074'), '우울', 'smkr96');
INSERT INTO Doctor_Tag (ID, TAG, USER_ID)
VALUES (HEXTORAW('550e8400e29b41d4a716446655440075'), '충동/폭력', 'smkr96');

-- doc1 유저의 태그
INSERT INTO Doctor_Tag (ID, TAG, USER_ID)
VALUES (HEXTORAW('550e8400e29b41d4a716446655440076'), '직장', 'doc1');
INSERT INTO Doctor_Tag (ID, TAG, USER_ID)
VALUES (HEXTORAW('550e8400e29b41d4a716446655440077'), '가족', 'doc1');
INSERT INTO Doctor_Tag (ID, TAG, USER_ID)
VALUES (HEXTORAW('550e8400e29b41d4a716446655440078'), '정신건강', 'doc1');
INSERT INTO Doctor_Tag (ID, TAG, USER_ID)
VALUES (HEXTORAW('550e8400e29b41d4a716446655440079'), '외모', 'doc1');
INSERT INTO Doctor_Tag (ID, TAG, USER_ID)
VALUES (HEXTORAW('550e8400e29b41d4a71644665544007A'), '스트레스', 'doc1');
INSERT INTO Doctor_Tag (ID, TAG, USER_ID)
VALUES (HEXTORAW('550e8400e29b41d4a71644665544007B'), '강박', 'doc1');

-- doc123 유저의 태그
INSERT INTO Doctor_Tag (ID, TAG, USER_ID)
VALUES (HEXTORAW('550e8400e29b41d4a71644665544007C'), '결혼/육아', 'doc123');
INSERT INTO Doctor_Tag (ID, TAG, USER_ID)
VALUES (HEXTORAW('550e8400e29b41d4a71644665544007D'), '대인관계', 'doc123');
INSERT INTO Doctor_Tag (ID, TAG, USER_ID)
VALUES (HEXTORAW('550e8400e29b41d4a71644665544007E'), '직장', 'doc123');
INSERT INTO Doctor_Tag (ID, TAG, USER_ID)
VALUES (HEXTORAW('550e8400e29b41d4a71644665544007F'), '이별/이혼', 'doc123');
INSERT INTO Doctor_Tag (ID, TAG, USER_ID)
VALUES (HEXTORAW('550e8400e29b41d4a716446655440080'), '자아/성격', 'doc123');
INSERT INTO Doctor_Tag (ID, TAG, USER_ID)
VALUES (HEXTORAW('550e8400e29b41d4a716446655440081'), '우울', 'doc123');
INSERT INTO Doctor_Tag (ID, TAG, USER_ID)
VALUES (HEXTORAW('550e8400e29b41d4a716446655440082'), '공황', 'doc123');
INSERT INTO Doctor_Tag (ID, TAG, USER_ID)
VALUES (HEXTORAW('550e8400e29b41d4a716446655440083'), '조울증', 'doc123');


--Review

-- doctor123 의사의 리뷰
INSERT INTO Doctor_Review (REVIEW_ID, WRITE_DATE, STAR_POINT, CONTENT, DOCTOR_ID, USER_ID)
VALUES (1, TO_DATE('2024-06-20', 'YYYY-MM-DD'), 5, '친절하고 상담이 좋았습니다.', 'doctor123', 'door123');
INSERT INTO Doctor_Review (REVIEW_ID, WRITE_DATE, STAR_POINT, CONTENT, DOCTOR_ID, USER_ID)
VALUES (2, TO_DATE('2024-06-18', 'YYYY-MM-DD'), 4, '치료 결과가 만족스러웠습니다.', 'doctor123', 'user02');
INSERT INTO Doctor_Review (REVIEW_ID, WRITE_DATE, STAR_POINT, CONTENT, DOCTOR_ID, USER_ID)
VALUES (3, TO_DATE('2024-06-15', 'YYYY-MM-DD'), 3, '상담 시간이 조금 짧았습니다.', 'doctor123', 'user04');
INSERT INTO Doctor_Review (REVIEW_ID, WRITE_DATE, STAR_POINT, CONTENT, DOCTOR_ID, USER_ID)
VALUES (4, TO_DATE('2024-06-14', 'YYYY-MM-DD'), 5, '아주 만족스러웠습니다.', 'doctor123', 'user05');
INSERT INTO Doctor_Review (REVIEW_ID, WRITE_DATE, STAR_POINT, CONTENT, DOCTOR_ID, USER_ID)
VALUES (5, TO_DATE('2024-06-12', 'YYYY-MM-DD'), 4, '친절하게 설명해주셨습니다.', 'doctor123', 'user07');
INSERT INTO Doctor_Review (REVIEW_ID, WRITE_DATE, STAR_POINT, CONTENT, DOCTOR_ID, USER_ID)
VALUES (6, TO_DATE('2024-06-10', 'YYYY-MM-DD'), 2, '기대에 조금 못 미쳤습니다.', 'doctor123', 'user08');
INSERT INTO Doctor_Review (REVIEW_ID, WRITE_DATE, STAR_POINT, CONTENT, DOCTOR_ID, USER_ID)
VALUES (7, TO_DATE('2024-06-08', 'YYYY-MM-DD'), 3, '보통이었습니다.', 'doctor123', 'user09');
INSERT INTO Doctor_Review (REVIEW_ID, WRITE_DATE, STAR_POINT, CONTENT, DOCTOR_ID, USER_ID)
VALUES (8, TO_DATE('2024-06-05', 'YYYY-MM-DD'), 5, '최고의 상담이었습니다.', 'doctor123', 'user10');
INSERT INTO Doctor_Review (REVIEW_ID, WRITE_DATE, STAR_POINT, CONTENT, DOCTOR_ID, USER_ID)
VALUES (9, TO_DATE('2024-06-04', 'YYYY-MM-DD'), 4, '괜찮은 경험이었습니다.', 'doctor123', 'tpals213');
INSERT INTO Doctor_Review (REVIEW_ID, WRITE_DATE, STAR_POINT, CONTENT, DOCTOR_ID, USER_ID)
VALUES (10, TO_DATE('2024-06-02', 'YYYY-MM-DD'), 5, '정말 좋았습니다.', 'doctor123', 'user13');

-- user003 의사의 리뷰
INSERT INTO Doctor_Review (REVIEW_ID, WRITE_DATE, STAR_POINT, CONTENT, DOCTOR_ID, USER_ID)
VALUES (11, TO_DATE('2024-06-20', 'YYYY-MM-DD'), 4, '정말 좋았습니다.', 'user003', 'user01');
INSERT INTO Doctor_Review (REVIEW_ID, WRITE_DATE, STAR_POINT, CONTENT, DOCTOR_ID, USER_ID)
VALUES (12, TO_DATE('2024-06-18', 'YYYY-MM-DD'), 3, '상담이 조금 아쉬웠습니다.', 'user003', 'user02');
INSERT INTO Doctor_Review (REVIEW_ID, WRITE_DATE, STAR_POINT, CONTENT, DOCTOR_ID, USER_ID)
VALUES (13, TO_DATE('2024-06-17', 'YYYY-MM-DD'), 5, '친절하고 상담이 좋았습니다.', 'user003', 'user03');
INSERT INTO Doctor_Review (REVIEW_ID, WRITE_DATE, STAR_POINT, CONTENT, DOCTOR_ID, USER_ID)
VALUES (14, TO_DATE('2024-06-15', 'YYYY-MM-DD'), 4, '치료 결과가 좋았습니다.', 'user003', 'user04');
INSERT INTO Doctor_Review (REVIEW_ID, WRITE_DATE, STAR_POINT, CONTENT, DOCTOR_ID, USER_ID)
VALUES (15, TO_DATE('2024-06-12', 'YYYY-MM-DD'), 2, '기대에 못 미쳤습니다.', 'user003', 'user05');
INSERT INTO Doctor_Review (REVIEW_ID, WRITE_DATE, STAR_POINT, CONTENT, DOCTOR_ID, USER_ID)
VALUES (16, TO_DATE('2024-06-10', 'YYYY-MM-DD'), 5, '아주 좋았습니다.', 'user003', 'user06');
INSERT INTO Doctor_Review (REVIEW_ID, WRITE_DATE, STAR_POINT, CONTENT, DOCTOR_ID, USER_ID)
VALUES (17, TO_DATE('2024-06-09', 'YYYY-MM-DD'), 3, '평범했습니다.', 'user003', 'user07');
INSERT INTO Doctor_Review (REVIEW_ID, WRITE_DATE, STAR_POINT, CONTENT, DOCTOR_ID, USER_ID)
VALUES (18, TO_DATE('2024-06-08', 'YYYY-MM-DD'), 4, '괜찮았습니다.', 'user003', 'user08');
INSERT INTO Doctor_Review (REVIEW_ID, WRITE_DATE, STAR_POINT, CONTENT, DOCTOR_ID, USER_ID)
VALUES (19, TO_DATE('2024-06-06', 'YYYY-MM-DD'), 5, '최고였습니다.', 'user003', 'user09');
INSERT INTO Doctor_Review (REVIEW_ID, WRITE_DATE, STAR_POINT, CONTENT, DOCTOR_ID, USER_ID)
VALUES (20, TO_DATE('2024-06-04', 'YYYY-MM-DD'), 4, '좋았습니다.', 'user003', 'user10');

-- doc2 의사의 리뷰
INSERT INTO Doctor_Review (REVIEW_ID, WRITE_DATE, STAR_POINT, CONTENT, DOCTOR_ID, USER_ID)
VALUES (21, TO_DATE('2024-06-20', 'YYYY-MM-DD'), 4, '정말 좋았습니다.', 'doc2', 'user01');
INSERT INTO Doctor_Review (REVIEW_ID, WRITE_DATE, STAR_POINT, CONTENT, DOCTOR_ID, USER_ID)
VALUES (22, TO_DATE('2024-06-18', 'YYYY-MM-DD'), 2, '기대에 못 미쳤습니다.', 'doc2', 'user02');
INSERT INTO Doctor_Review (REVIEW_ID, WRITE_DATE, STAR_POINT, CONTENT, DOCTOR_ID, USER_ID)
VALUES (23, TO_DATE('2024-06-17', 'YYYY-MM-DD'), 3, '평범했습니다.', 'doc2', 'user03');
INSERT INTO Doctor_Review (REVIEW_ID, WRITE_DATE, STAR_POINT, CONTENT, DOCTOR_ID, USER_ID)
VALUES (24, TO_DATE('2024-06-15', 'YYYY-MM-DD'), 5, '최고였습니다.', 'doc2', 'user04');
INSERT INTO Doctor_Review (REVIEW_ID, WRITE_DATE, STAR_POINT, CONTENT, DOCTOR_ID, USER_ID)
VALUES (25, TO_DATE('2024-06-12', 'YYYY-MM-DD'), 4, '좋았습니다.', 'doc2', 'user05');
INSERT INTO Doctor_Review (REVIEW_ID, WRITE_DATE, STAR_POINT, CONTENT, DOCTOR_ID, USER_ID)
VALUES (26, TO_DATE('2024-06-10', 'YYYY-MM-DD'), 3, '상담이 아쉬웠습니다.', 'doc2', 'user06');
INSERT INTO Doctor_Review (REVIEW_ID, WRITE_DATE, STAR_POINT, CONTENT, DOCTOR_ID, USER_ID)
VALUES (27, TO_DATE('2024-06-09', 'YYYY-MM-DD'), 5, '친절했습니다.', 'doc2', 'user07');
INSERT INTO Doctor_Review (REVIEW_ID, WRITE_DATE, STAR_POINT, CONTENT, DOCTOR_ID, USER_ID)
VALUES (28, TO_DATE('2024-06-08', 'YYYY-MM-DD'), 4, '괜찮았습니다.', 'doc2', 'user08');
INSERT INTO Doctor_Review (REVIEW_ID, WRITE_DATE, STAR_POINT, CONTENT, DOCTOR_ID, USER_ID)
VALUES (29, TO_DATE('2024-06-06', 'YYYY-MM-DD'), 5, '좋았습니다.', 'doc2', 'user09');

-- user001 의사의 리뷰
INSERT INTO Doctor_Review (REVIEW_ID, WRITE_DATE, STAR_POINT, CONTENT, DOCTOR_ID, USER_ID)
VALUES (30, TO_DATE('2024-06-20', 'YYYY-MM-DD'), 4, '정말 좋았습니다.', 'user001', 'door123');
INSERT INTO Doctor_Review (REVIEW_ID, WRITE_DATE, STAR_POINT, CONTENT, DOCTOR_ID, USER_ID)
VALUES (31, TO_DATE('2024-06-18', 'YYYY-MM-DD'), 3, '상담이 조금 아쉬웠습니다.', 'user001', 'user02');
INSERT INTO Doctor_Review (REVIEW_ID, WRITE_DATE, STAR_POINT, CONTENT, DOCTOR_ID, USER_ID)
VALUES (32, TO_DATE('2024-06-17', 'YYYY-MM-DD'), 5, '친절하고 상담이 좋았습니다.', 'user001', 'user04');
INSERT INTO Doctor_Review (REVIEW_ID, WRITE_DATE, STAR_POINT, CONTENT, DOCTOR_ID, USER_ID)
VALUES (33, TO_DATE('2024-06-15', 'YYYY-MM-DD'), 4, '치료 결과가 좋았습니다.', 'user001', 'user05');
INSERT INTO Doctor_Review (REVIEW_ID, WRITE_DATE, STAR_POINT, CONTENT, DOCTOR_ID, USER_ID)
VALUES (34, TO_DATE('2024-06-12', 'YYYY-MM-DD'), 2, '기대에 못 미쳤습니다.', 'user001', 'user07');
INSERT INTO Doctor_Review (REVIEW_ID, WRITE_DATE, STAR_POINT, CONTENT, DOCTOR_ID, USER_ID)
VALUES (35, TO_DATE('2024-06-10', 'YYYY-MM-DD'), 5, '아주 좋았습니다.', 'user001', 'user08');
INSERT INTO Doctor_Review (REVIEW_ID, WRITE_DATE, STAR_POINT, CONTENT, DOCTOR_ID, USER_ID)
VALUES (36, TO_DATE('2024-06-09', 'YYYY-MM-DD'), 3, '평범했습니다.', 'user001', 'user09');
INSERT INTO Doctor_Review (REVIEW_ID, WRITE_DATE, STAR_POINT, CONTENT, DOCTOR_ID, USER_ID)
VALUES (37, TO_DATE('2024-06-08', 'YYYY-MM-DD'), 4, '괜찮았습니다.', 'user001', 'user10');
INSERT INTO Doctor_Review (REVIEW_ID, WRITE_DATE, STAR_POINT, CONTENT, DOCTOR_ID, USER_ID)
VALUES (38, TO_DATE('2024-06-06', 'YYYY-MM-DD'), 5, '최고였습니다.', 'user001', 'tpals213');
INSERT INTO Doctor_Review (REVIEW_ID, WRITE_DATE, STAR_POINT, CONTENT, DOCTOR_ID, USER_ID)
VALUES (39, TO_DATE('2024-06-05', 'YYYY-MM-DD'), 4, '좋았습니다.', 'user001', 'user13');
INSERT INTO Doctor_Review (REVIEW_ID, WRITE_DATE, STAR_POINT, CONTENT, DOCTOR_ID, USER_ID)
VALUES (40, TO_DATE('2024-06-04', 'YYYY-MM-DD'), 4, '정말 좋았습니다.', 'user001', 'user01');
INSERT INTO Doctor_Review (REVIEW_ID, WRITE_DATE, STAR_POINT, CONTENT, DOCTOR_ID, USER_ID)
VALUES (41, TO_DATE('2024-06-02', 'YYYY-MM-DD'), 5, '최고였습니다.', 'user001', 'user02');

-- user002 의사의 리뷰
INSERT INTO Doctor_Review (REVIEW_ID, WRITE_DATE, STAR_POINT, CONTENT, DOCTOR_ID, USER_ID)
VALUES (42, TO_DATE('2024-06-20', 'YYYY-MM-DD'), 5, '최고였습니다.', 'user002', 'door123');
INSERT INTO Doctor_Review (REVIEW_ID, WRITE_DATE, STAR_POINT, CONTENT, DOCTOR_ID, USER_ID)
VALUES (43, TO_DATE('2024-06-18', 'YYYY-MM-DD'), 4, '정말 좋았습니다.', 'user002', 'user02');
INSERT INTO Doctor_Review (REVIEW_ID, WRITE_DATE, STAR_POINT, CONTENT, DOCTOR_ID, USER_ID)
VALUES (44, TO_DATE('2024-06-17', 'YYYY-MM-DD'), 3, '상담이 조금 아쉬웠습니다.', 'user002', 'user04');
INSERT INTO Doctor_Review (REVIEW_ID, WRITE_DATE, STAR_POINT, CONTENT, DOCTOR_ID, USER_ID)
VALUES (45, TO_DATE('2024-06-15', 'YYYY-MM-DD'), 5, '친절하고 상담이 좋았습니다.', 'user002', 'user05');
INSERT INTO Doctor_Review (REVIEW_ID, WRITE_DATE, STAR_POINT, CONTENT, DOCTOR_ID, USER_ID)
VALUES (46, TO_DATE('2024-06-12', 'YYYY-MM-DD'), 4, '치료 결과가 좋았습니다.', 'user002', 'user07');
INSERT INTO Doctor_Review (REVIEW_ID, WRITE_DATE, STAR_POINT, CONTENT, DOCTOR_ID, USER_ID)
VALUES (47, TO_DATE('2024-06-10', 'YYYY-MM-DD'), 2, '기대에 못 미쳤습니다.', 'user002', 'user08');
INSERT INTO Doctor_Review (REVIEW_ID, WRITE_DATE, STAR_POINT, CONTENT, DOCTOR_ID, USER_ID)
VALUES (48, TO_DATE('2024-06-09', 'YYYY-MM-DD'), 5, '아주 좋았습니다.', 'user002', 'user09');
INSERT INTO Doctor_Review (REVIEW_ID, WRITE_DATE, STAR_POINT, CONTENT, DOCTOR_ID, USER_ID)
VALUES (49, TO_DATE('2024-06-08', 'YYYY-MM-DD'), 3, '평범했습니다.', 'user002', 'user10');
INSERT INTO Doctor_Review (REVIEW_ID, WRITE_DATE, STAR_POINT, CONTENT, DOCTOR_ID, USER_ID)
VALUES (50, TO_DATE('2024-06-06', 'YYYY-MM-DD'), 4, '괜찮았습니다.', 'user002', 'tpals213');
INSERT INTO Doctor_Review (REVIEW_ID, WRITE_DATE, STAR_POINT, CONTENT, DOCTOR_ID, USER_ID)
VALUES (51, TO_DATE('2024-06-05', 'YYYY-MM-DD'), 5, '최고였습니다.', 'user002', 'user13');
INSERT INTO Doctor_Review (REVIEW_ID, WRITE_DATE, STAR_POINT, CONTENT, DOCTOR_ID, USER_ID)
VALUES (52, TO_DATE('2024-06-04', 'YYYY-MM-DD'), 4, '좋았습니다.', 'user002', 'user01');
INSERT INTO Doctor_Review (REVIEW_ID, WRITE_DATE, STAR_POINT, CONTENT, DOCTOR_ID, USER_ID)
VALUES (53, TO_DATE('2024-06-02', 'YYYY-MM-DD'), 4, '정말 좋았습니다.', 'user002', 'user02');

-- user004 의사의 리뷰
INSERT INTO Doctor_Review (REVIEW_ID, WRITE_DATE, STAR_POINT, CONTENT, DOCTOR_ID, USER_ID)
VALUES (54, TO_DATE('2024-06-20', 'YYYY-MM-DD'), 4, '정말 좋았습니다.', 'user004', 'door123');
INSERT INTO Doctor_Review (REVIEW_ID, WRITE_DATE, STAR_POINT, CONTENT, DOCTOR_ID, USER_ID)
VALUES (55, TO_DATE('2024-06-18', 'YYYY-MM-DD'), 3, '상담이 조금 아쉬웠습니다.', 'user004', 'user02');
INSERT INTO Doctor_Review (REVIEW_ID, WRITE_DATE, STAR_POINT, CONTENT, DOCTOR_ID, USER_ID)
VALUES (56, TO_DATE('2024-06-17', 'YYYY-MM-DD'), 5, '친절하고 상담이 좋았습니다.', 'user004', 'user04');
INSERT INTO Doctor_Review (REVIEW_ID, WRITE_DATE, STAR_POINT, CONTENT, DOCTOR_ID, USER_ID)
VALUES (57, TO_DATE('2024-06-15', 'YYYY-MM-DD'), 4, '치료 결과가 좋았습니다.', 'user004', 'user05');
INSERT INTO Doctor_Review (REVIEW_ID, WRITE_DATE, STAR_POINT, CONTENT, DOCTOR_ID, USER_ID)
VALUES (58, TO_DATE('2024-06-12', 'YYYY-MM-DD'), 2, '기대에 못 미쳤습니다.', 'user004', 'user07');
INSERT INTO Doctor_Review (REVIEW_ID, WRITE_DATE, STAR_POINT, CONTENT, DOCTOR_ID, USER_ID)
VALUES (59, TO_DATE('2024-06-10', 'YYYY-MM-DD'), 5, '아주 좋았습니다.', 'user004', 'user08');
INSERT INTO Doctor_Review (REVIEW_ID, WRITE_DATE, STAR_POINT, CONTENT, DOCTOR_ID, USER_ID)
VALUES (60, TO_DATE('2024-06-09', 'YYYY-MM-DD'), 3, '평범했습니다.', 'user004', 'user09');
INSERT INTO Doctor_Review (REVIEW_ID, WRITE_DATE, STAR_POINT, CONTENT, DOCTOR_ID, USER_ID)
VALUES (61, TO_DATE('2024-06-08', 'YYYY-MM-DD'), 4, '괜찮았습니다.', 'user004', 'user10');
INSERT INTO Doctor_Review (REVIEW_ID, WRITE_DATE, STAR_POINT, CONTENT, DOCTOR_ID, USER_ID)
VALUES (62, TO_DATE('2024-06-06', 'YYYY-MM-DD'), 5, '최고였습니다.', 'user004', 'tpals213');
INSERT INTO Doctor_Review (REVIEW_ID, WRITE_DATE, STAR_POINT, CONTENT, DOCTOR_ID, USER_ID)
VALUES (63, TO_DATE('2024-06-05', 'YYYY-MM-DD'), 4, '좋았습니다.', 'user004', 'user13');
INSERT INTO Doctor_Review (REVIEW_ID, WRITE_DATE, STAR_POINT, CONTENT, DOCTOR_ID, USER_ID)
VALUES (64, TO_DATE('2024-06-04', 'YYYY-MM-DD'), 4, '정말 좋았습니다.', 'user004', 'user01');
INSERT INTO Doctor_Review (REVIEW_ID, WRITE_DATE, STAR_POINT, CONTENT, DOCTOR_ID, USER_ID)
VALUES (65, TO_DATE('2024-06-02', 'YYYY-MM-DD'), 5, '최고였습니다.', 'user004', 'user02');

-- user005 의사의 리뷰
INSERT INTO Doctor_Review (REVIEW_ID, WRITE_DATE, STAR_POINT, CONTENT, DOCTOR_ID, USER_ID)
VALUES (66, TO_DATE('2024-06-20', 'YYYY-MM-DD'), 5, '최고였습니다.', 'user005', 'door123');
INSERT INTO Doctor_Review (REVIEW_ID, WRITE_DATE, STAR_POINT, CONTENT, DOCTOR_ID, USER_ID)
VALUES (67, TO_DATE('2024-06-18', 'YYYY-MM-DD'), 4, '정말 좋았습니다.', 'user005', 'user02');
INSERT INTO Doctor_Review (REVIEW_ID, WRITE_DATE, STAR_POINT, CONTENT, DOCTOR_ID, USER_ID)
VALUES (68, TO_DATE('2024-06-17', 'YYYY-MM-DD'), 3, '상담이 조금 아쉬웠습니다.', 'user005', 'user04');
INSERT INTO Doctor_Review (REVIEW_ID, WRITE_DATE, STAR_POINT, CONTENT, DOCTOR_ID, USER_ID)
VALUES (69, TO_DATE('2024-06-15', 'YYYY-MM-DD'), 5, '친절하고 상담이 좋았습니다.', 'user005', 'user05');
INSERT INTO Doctor_Review (REVIEW_ID, WRITE_DATE, STAR_POINT, CONTENT, DOCTOR_ID, USER_ID)
VALUES (70, TO_DATE('2024-06-12', 'YYYY-MM-DD'), 4, '치료 결과가 좋았습니다.', 'user005', 'user07');
INSERT INTO Doctor_Review (REVIEW_ID, WRITE_DATE, STAR_POINT, CONTENT, DOCTOR_ID, USER_ID)
VALUES (71, TO_DATE('2024-06-10', 'YYYY-MM-DD'), 2, '기대에 못 미쳤습니다.', 'user005', 'user08');
INSERT INTO Doctor_Review (REVIEW_ID, WRITE_DATE, STAR_POINT, CONTENT, DOCTOR_ID, USER_ID)
VALUES (72, TO_DATE('2024-06-09', 'YYYY-MM-DD'), 5, '아주 좋았습니다.', 'user005', 'user09');
INSERT INTO Doctor_Review (REVIEW_ID, WRITE_DATE, STAR_POINT, CONTENT, DOCTOR_ID, USER_ID)
VALUES (73, TO_DATE('2024-06-08', 'YYYY-MM-DD'), 3, '평범했습니다.', 'user005', 'user10');
INSERT INTO Doctor_Review (REVIEW_ID, WRITE_DATE, STAR_POINT, CONTENT, DOCTOR_ID, USER_ID)
VALUES (74, TO_DATE('2024-06-06', 'YYYY-MM-DD'), 4, '괜찮았습니다.', 'user005', 'tpals213');
INSERT INTO Doctor_Review (REVIEW_ID, WRITE_DATE, STAR_POINT, CONTENT, DOCTOR_ID, USER_ID)
VALUES (75, TO_DATE('2024-06-05', 'YYYY-MM-DD'), 5, '최고였습니다.', 'user005', 'user13');
INSERT INTO Doctor_Review (REVIEW_ID, WRITE_DATE, STAR_POINT, CONTENT, DOCTOR_ID, USER_ID)
VALUES (76, TO_DATE('2024-06-04', 'YYYY-MM-DD'), 4, '좋았습니다.', 'user005', 'user01');
INSERT INTO Doctor_Review (REVIEW_ID, WRITE_DATE, STAR_POINT, CONTENT, DOCTOR_ID, USER_ID)
VALUES (77, TO_DATE('2024-06-02', 'YYYY-MM-DD'), 4, '정말 좋았습니다.', 'user005', 'user02');

-- smkr96 의사의 리뷰
INSERT INTO Doctor_Review (REVIEW_ID, WRITE_DATE, STAR_POINT, CONTENT, DOCTOR_ID, USER_ID)
VALUES (78, TO_DATE('2024-06-20', 'YYYY-MM-DD'), 4, '정말 좋았습니다.', 'smkr96', 'door123');
INSERT INTO Doctor_Review (REVIEW_ID, WRITE_DATE, STAR_POINT, CONTENT, DOCTOR_ID, USER_ID)
VALUES (79, TO_DATE('2024-06-18', 'YYYY-MM-DD'), 3, '상담이 조금 아쉬웠습니다.', 'smkr96', 'user02');
INSERT INTO Doctor_Review (REVIEW_ID, WRITE_DATE, STAR_POINT, CONTENT, DOCTOR_ID, USER_ID)
VALUES (80, TO_DATE('2024-06-17', 'YYYY-MM-DD'), 5, '친절하고 상담이 좋았습니다.', 'smkr96', 'user04');
INSERT INTO Doctor_Review (REVIEW_ID, WRITE_DATE, STAR_POINT, CONTENT, DOCTOR_ID, USER_ID)
VALUES (81, TO_DATE('2024-06-15', 'YYYY-MM-DD'), 4, '치료 결과가 좋았습니다.', 'smkr96', 'user05');
INSERT INTO Doctor_Review (REVIEW_ID, WRITE_DATE, STAR_POINT, CONTENT, DOCTOR_ID, USER_ID)
VALUES (82, TO_DATE('2024-06-12', 'YYYY-MM-DD'), 2, '기대에 못 미쳤습니다.', 'smkr96', 'user07');
INSERT INTO Doctor_Review (REVIEW_ID, WRITE_DATE, STAR_POINT, CONTENT, DOCTOR_ID, USER_ID)
VALUES (83, TO_DATE('2024-06-10', 'YYYY-MM-DD'), 5, '아주 좋았습니다.', 'smkr96', 'user08');
INSERT INTO Doctor_Review (REVIEW_ID, WRITE_DATE, STAR_POINT, CONTENT, DOCTOR_ID, USER_ID)
VALUES (84, TO_DATE('2024-06-09', 'YYYY-MM-DD'), 3, '평범했습니다.', 'smkr96', 'user09');
INSERT INTO Doctor_Review (REVIEW_ID, WRITE_DATE, STAR_POINT, CONTENT, DOCTOR_ID, USER_ID)
VALUES (85, TO_DATE('2024-06-08', 'YYYY-MM-DD'), 4, '괜찮았습니다.', 'smkr96', 'user10');
INSERT INTO Doctor_Review (REVIEW_ID, WRITE_DATE, STAR_POINT, CONTENT, DOCTOR_ID, USER_ID)
VALUES (86, TO_DATE('2024-06-06', 'YYYY-MM-DD'), 5, '최고였습니다.', 'smkr96', 'tpals213');
INSERT INTO Doctor_Review (REVIEW_ID, WRITE_DATE, STAR_POINT, CONTENT, DOCTOR_ID, USER_ID)
VALUES (87, TO_DATE('2024-06-05', 'YYYY-MM-DD'), 4, '좋았습니다.', 'smkr96', 'user13');
INSERT INTO Doctor_Review (REVIEW_ID, WRITE_DATE, STAR_POINT, CONTENT, DOCTOR_ID, USER_ID)
VALUES (88, TO_DATE('2024-06-04', 'YYYY-MM-DD'), 4, '정말 좋았습니다.', 'smkr96', 'user01');
INSERT INTO Doctor_Review (REVIEW_ID, WRITE_DATE, STAR_POINT, CONTENT, DOCTOR_ID, USER_ID)
VALUES (89, TO_DATE('2024-06-02', 'YYYY-MM-DD'), 5, '최고였습니다.', 'smkr96', 'user02');

-- doc1 의사의 리뷰
INSERT INTO Doctor_Review (REVIEW_ID, WRITE_DATE, STAR_POINT, CONTENT, DOCTOR_ID, USER_ID)
VALUES (90, TO_DATE('2024-06-20', 'YYYY-MM-DD'), 5, '최고였습니다.', 'doc1', 'door123');
INSERT INTO Doctor_Review (REVIEW_ID, WRITE_DATE, STAR_POINT, CONTENT, DOCTOR_ID, USER_ID)
VALUES (91, TO_DATE('2024-06-18', 'YYYY-MM-DD'), 4, '정말 좋았습니다.', 'doc1', 'user02');
INSERT INTO Doctor_Review (REVIEW_ID, WRITE_DATE, STAR_POINT, CONTENT, DOCTOR_ID, USER_ID)
VALUES (92, TO_DATE('2024-06-17', 'YYYY-MM-DD'), 3, '상담이 조금 아쉬웠습니다.', 'doc1', 'user04');
INSERT INTO Doctor_Review (REVIEW_ID, WRITE_DATE, STAR_POINT, CONTENT, DOCTOR_ID, USER_ID)
VALUES (93, TO_DATE('2024-06-15', 'YYYY-MM-DD'), 5, '친절하고 상담이 좋았습니다.', 'doc1', 'user05');
INSERT INTO Doctor_Review (REVIEW_ID, WRITE_DATE, STAR_POINT, CONTENT, DOCTOR_ID, USER_ID)
VALUES (94, TO_DATE('2024-06-12', 'YYYY-MM-DD'), 4, '치료 결과가 좋았습니다.', 'doc1', 'user07');
INSERT INTO Doctor_Review (REVIEW_ID, WRITE_DATE, STAR_POINT, CONTENT, DOCTOR_ID, USER_ID)
VALUES (95, TO_DATE('2024-06-10', 'YYYY-MM-DD'), 2, '기대에 못 미쳤습니다.', 'doc1', 'user08');
INSERT INTO Doctor_Review (REVIEW_ID, WRITE_DATE, STAR_POINT, CONTENT, DOCTOR_ID, USER_ID)
VALUES (96, TO_DATE('2024-06-09', 'YYYY-MM-DD'), 5, '아주 좋았습니다.', 'doc1', 'user09');
INSERT INTO Doctor_Review (REVIEW_ID, WRITE_DATE, STAR_POINT, CONTENT, DOCTOR_ID, USER_ID)
VALUES (97, TO_DATE('2024-06-08', 'YYYY-MM-DD'), 3, '평범했습니다.', 'doc1', 'user10');
INSERT INTO Doctor_Review (REVIEW_ID, WRITE_DATE, STAR_POINT, CONTENT, DOCTOR_ID, USER_ID)
VALUES (98, TO_DATE('2024-06-06', 'YYYY-MM-DD'), 4, '괜찮았습니다.', 'doc1', 'tpals213');
INSERT INTO Doctor_Review (REVIEW_ID, WRITE_DATE, STAR_POINT, CONTENT, DOCTOR_ID, USER_ID)
VALUES (99, TO_DATE('2024-06-05', 'YYYY-MM-DD'), 5, '최고였습니다.', 'doc1', 'user13');
INSERT INTO Doctor_Review (REVIEW_ID, WRITE_DATE, STAR_POINT, CONTENT, DOCTOR_ID, USER_ID)
VALUES (100, TO_DATE('2024-06-04', 'YYYY-MM-DD'), 4, '좋았습니다.', 'doc1', 'user01');
INSERT INTO Doctor_Review (REVIEW_ID, WRITE_DATE, STAR_POINT, CONTENT, DOCTOR_ID, USER_ID)
VALUES (101, TO_DATE('2024-06-02', 'YYYY-MM-DD'), 4, '정말 좋았습니다.', 'doc1', 'user02');

-- doc123 의사의 리뷰
INSERT INTO Doctor_Review (REVIEW_ID, WRITE_DATE, STAR_POINT, CONTENT, DOCTOR_ID, USER_ID)
VALUES (102, TO_DATE('2024-06-20', 'YYYY-MM-DD'), 4, '정말 좋았습니다.', 'doc123', 'door123');
INSERT INTO Doctor_Review (REVIEW_ID, WRITE_DATE, STAR_POINT, CONTENT, DOCTOR_ID, USER_ID)
VALUES (103, TO_DATE('2024-06-18', 'YYYY-MM-DD'), 3, '상담이 조금 아쉬웠습니다.', 'doc123', 'user02');
INSERT INTO Doctor_Review (REVIEW_ID, WRITE_DATE, STAR_POINT, CONTENT, DOCTOR_ID, USER_ID)
VALUES (104, TO_DATE('2024-06-17', 'YYYY-MM-DD'), 5, '친절하고 상담이 좋았습니다.', 'doc123', 'user04');
INSERT INTO Doctor_Review (REVIEW_ID, WRITE_DATE, STAR_POINT, CONTENT, DOCTOR_ID, USER_ID)
VALUES (105, TO_DATE('2024-06-15', 'YYYY-MM-DD'), 4, '치료 결과가 좋았습니다.', 'doc123', 'user05');
INSERT INTO Doctor_Review (REVIEW_ID, WRITE_DATE, STAR_POINT, CONTENT, DOCTOR_ID, USER_ID)
VALUES (106, TO_DATE('2024-06-12', 'YYYY-MM-DD'), 2, '기대에 못 미쳤습니다.', 'doc123', 'user07');
INSERT INTO Doctor_Review (REVIEW_ID, WRITE_DATE, STAR_POINT, CONTENT, DOCTOR_ID, USER_ID)
VALUES (107, TO_DATE('2024-06-10', 'YYYY-MM-DD'), 5, '아주 좋았습니다.', 'doc123', 'user08');
INSERT INTO Doctor_Review (REVIEW_ID, WRITE_DATE, STAR_POINT, CONTENT, DOCTOR_ID, USER_ID)
VALUES (108, TO_DATE('2024-06-09', 'YYYY-MM-DD'), 3, '평범했습니다.', 'doc123', 'user09');
INSERT INTO Doctor_Review (REVIEW_ID, WRITE_DATE, STAR_POINT, CONTENT, DOCTOR_ID, USER_ID)
VALUES (109, TO_DATE('2024-06-08', 'YYYY-MM-DD'), 4, '괜찮았습니다.', 'doc123', 'user10');
INSERT INTO Doctor_Review (REVIEW_ID, WRITE_DATE, STAR_POINT, CONTENT, DOCTOR_ID, USER_ID)
VALUES (110, TO_DATE('2024-06-06', 'YYYY-MM-DD'), 5, '최고였습니다.', 'doc123', 'tpals213');
INSERT INTO Doctor_Review (REVIEW_ID, WRITE_DATE, STAR_POINT, CONTENT, DOCTOR_ID, USER_ID)
VALUES (111, TO_DATE('2024-06-05', 'YYYY-MM-DD'), 4, '좋았습니다.', 'doc123', 'user13');
INSERT INTO Doctor_Review (REVIEW_ID, WRITE_DATE, STAR_POINT, CONTENT, DOCTOR_ID, USER_ID)
VALUES (112, TO_DATE('2024-06-04', 'YYYY-MM-DD'), 4, '정말 좋았습니다.', 'doc123', 'user01');
INSERT INTO Doctor_Review (REVIEW_ID, WRITE_DATE, STAR_POINT, CONTENT, DOCTOR_ID, USER_ID)
VALUES (113, TO_DATE('2024-06-02', 'YYYY-MM-DD'), 5, '최고였습니다.', 'doc123', 'user02');
INSERT INTO Doctor_Review (REVIEW_ID, WRITE_DATE, STAR_POINT, CONTENT, DOCTOR_ID, USER_ID)
VALUES (114, TO_DATE('2024-06-01', 'YYYY-MM-DD'), 4, '좋았습니다.', 'doc123', 'user03');
INSERT INTO Doctor_Review (REVIEW_ID, WRITE_DATE, STAR_POINT, CONTENT, DOCTOR_ID, USER_ID)
VALUES (115, TO_DATE('2024-05-30', 'YYYY-MM-DD'), 4, '괜찮았습니다.', 'doc123', 'user04');

commit;